{"losses": [0.8549745290117697, 0.8010404520825196, 0.7729220495063325, 0.7546238344560734, 0.741528118264004, 0.7309738886581348, 0.7228746979214739, 0.7137490922446494, 0.7059142417311159, 0.6994270806987928, 0.690749531688467, 0.6845365832338305, 0.6803565510864653, 0.6732123916872175, 0.6689400332146653, 0.6638837800154455, 0.658846311229878, 0.6565134417314117, 0.6501601613703683, 0.6472868253984388, 0.639996107204506, 0.6346984820726025, 0.6319390223491647, 0.6265518171166555, 0.624465239841843, 0.6240223896407476, 0.6197125388471829, 0.6151116432097324, 0.61237017918711, 0.6097114196042818, 0.6037454596744669, 0.6010194249621178, 0.6008332542380714, 0.5962989261839837, 0.5941929456921472, 0.5914128837055503, 0.5892381958820769, 0.58778047335697, 0.5841051082629897, 0.5840803076540719, 0.5791620514169892, 0.57608743289223, 0.5770615892185664, 0.5753411671170982, 0.571114325297269, 0.5701476698361956, 0.5698825555344487, 0.5662276565974571, 0.566501279141278, 0.5646759948529753, 0.5613441024079687, 0.5598467957489804, 0.5589889223532627, 0.5568109499407771, 0.5551065374050574, 0.5539215472931037, 0.5523662298352104, 0.5531767107566986, 0.5507926461778424, 0.5480502858189129, 0.5470029404905272, 0.5446111088267875, 0.5452312051409355, 0.5425538948645124, 0.5416227506819654, 0.5418458911130476, 0.5422374594636463, 0.5366885336415871, 0.5401912330071614, 0.5341980023038275, 0.5336961827665332, 0.5329479711735253, 0.5302456686879798, 0.5334714284791547, 0.5302462138340439], "accuracies": [0.6031697368771827, 0.6383460851483564, 0.657920343365946, 0.6689304470688598, 0.6761683239583056, 0.6822332115912666, 0.6866319213030845, 0.6905307776385593, 0.6947562048465783, 0.6979819253019114, 0.7028338354082803, 0.7046599664098531, 0.7063861267361574, 0.7101117005678335, 0.7147103516301885, 0.7141238570019461, 0.7172362773586415, 0.7179560662205753, 0.7215883340886673, 0.7238943243315294, 0.7263669323665058, 0.7283463517368238, 0.7305723654394711, 0.7326717496201114, 0.733098291167924, 0.7334848444456293, 0.7359107994988137, 0.738010183679454, 0.7380368425261923, 0.7392698141878382, 0.7417624163578683, 0.7430553704246754, 0.7431020234064675, 0.7462011143397936, 0.7465876676174988, 0.7474940684066007, 0.748253845538642, 0.7494868172002879, 0.752305990242862, 0.7509064007891019, 0.7537922209485217, 0.7536455972914612, 0.754831915971315, 0.7547119511609928, 0.7565514115859348, 0.756251499560129, 0.7581242835434939, 0.7583242248940311, 0.7591239902961798, 0.7593106022233478, 0.760150355895604, 0.7623563754631975, 0.7617698808349551, 0.7630095172082856, 0.7634827117378902, 0.7657820372690678, 0.7650689131188185, 0.7646490362826904, 0.7666284556530084, 0.7668950441203913, 0.7676148329823251, 0.7675215270187412, 0.7692810109034683, 0.7696875583162273, 0.7706606062221748, 0.7695342699474821, 0.7699608114952947, 0.7716203247047533, 0.7698408466849724, 0.7730532377169363, 0.7724000959718482, 0.7735397616699101, 0.7741795739916292, 0.7739729679294074, 0.7751526218975767]}